"cases_time_series__dailyconfirmed","cases_time_series__dailydeceased","cases_time_series__dailyrecovered","cases_time_series__date","cases_time_series__totalconfirmed","cases_time_series__totaldeceased","cases_time_series__totalrecovered","statewise__active","statewise__confirmed","statewise__deaths","statewise__deltaconfirmed","statewise__deltadeaths","statewise__deltarecovered","statewise__lastupdatedtime","statewise__migratedother","statewise__recovered","statewise__state","statewise__statecode","statewise__statenotes","tested__dailyrtpcrtests","tested__individualstestedperconfirmedcase","tested__positivecasesfromsamplesreported","tested__samplereportedtoday","tested__source","tested__source1","tested__source3","tested__testedasof","tested__testpositivityrate","tested__testsconductedbyprivatelabs","tested__testsperconfirmedcase","tested__testspermillion","tested__totalindividualstested","tested__totalpositivecases","tested__totalrtpcrtests","tested__totalsamplestested","tested__updatetimestamp"
"1","0","0","30 January ","1","0","0","945551","6397896","99833","5936","29","2941","02/10/2020 12:20:45","918","5351594","Total","TT","","","75.64","","","Press_Release_ICMR_13March2020.pdf","","","13/03/2020","1.20%","","83.33","5","5900","78","","6500","13/03/2020 00:00:00"
"0","0","0","31 January ","1","0","0","259006","1400922","37056","0","0","0","01/10/2020 23:39:43","434","1104426","Maharashtra","MH","[Sep 9] :239 cases have been removed from the hospitalized figures owing to the removal of duplicates and change of addresses as per the original residence,\n[Aug 15] : MH bulletin has reduced 819 confirmed cases in Mumbai and 72 confirmed cases from 'Other States' from the tally\n[Jun 16] : 1328 deceased cases have been retroactively added to MH bulletin.\n[Jun 20] : 69 deceased cases have been reduced based on state bulletin.","","81.57","","","ICMR_website_update_18March_6PM_IST.pdf","","","18/03/2020","1.14%","","87.50","10","12235","150","","13125","18/03/2020 18:00:00"
"0","0","0","01 February ","1","0","0","57858","700235","5869","0","0","0","01/10/2020 22:07:48","0","636508","Andhra Pradesh","AP","","","73.96","","","ICMR_website_update_19March_10AM_IST_V2.pdf","","","19/03/2020","1.26%","","79.26","10","12426","168","","13316","19/03/2020 10:00:00"
"1","0","0","02 February ","2","0","0","46369","603290","9586","0","0","0","01/10/2020 18:46:44","0","547335","Tamil Nadu","TN","[July 22]: 444 backdated deceased entries added to Chennai in TN bulletin.\n2 deaths cross notified to other states from Chennai and Coimbatore.\n1 patient died after turning negative for infection in Chengalpattu.\nThese cases have been added to TN deceased tally","","72.99","","","ICMR_website_update_19March_6PM_IST.pdf","","","19/03/2020","1.28%","","77.88","11","13285","182","","14175","19/03/2020 18:00:00"
"1","0","0","03 February ","3","0","0","110412","611837","8994","0","0","0","01/10/2020 22:07:49","19","492412","Karnataka","KA","","","65.47","","","ICMR_website_update_20March_10AM_IST.pdf","","","20/03/2020","1.43%","","69.79","11","13486","206","","14376","20/03/2020 10:00:00"
"0","0","0","04 February ","3","0","0","50378","403101","5864","0","0","0","01/10/2020 19:31:48","0","346859","Uttar Pradesh","UP","","","61.50","","","ICMR_website_update_20March_6PM_IST.pdf","","","20/03/2020","1.53%","","65.27","12","14514","236","","15404","20/03/2020 18:00:00"
"0","0","0","05 February ","3","0","0","26738","282752","5401","0","0","0","01/10/2020 19:10:30","0","250613","Delhi","DL","[July 14]: Value for the total tests conducted has been reduced by 97008 in the state bulletin. Reason given : ""Reconciled with ICMR figures"". We have made the same change.\n[June 16]: 344 deceased cases have been retroactively added to DL bulletin.","","54.65","","","ICMR_website_update_21March_10AM_IST.pdf","","","21/03/2020","1.73%","","57.94","12","14811","271","","15701","21/03/2020 10:00:00"
"0","0","0","06 February ","3","0","0","26552","260324","5017","0","0","0","01/10/2020 22:24:46","0","228755","West Bengal","WB","","","50.86","","","ICMR_website_update_21March_6PM_IST.pdf","","","21/03/2020","1.86%","","53.69","13","16021","315","","16911","21/03/2020 18:00:00"
"0","0","0","07 February ","3","0","0","35326","226334","928","3600","16","0","02/10/2020 12:20:48","0","190080","Odisha","OR","[July 12th] :20 non-covid deaths reported in state dashboard are included in the deceased count\n[June 22nd]: NDRF/ODRF cases have been redistributed to districts based on state dashboard","","47.24","","","ICMR_website_update_22March_10AM_IST.pdf","","","22/03/2020","2.01%","","49.85","13","16109","341","","16999","22/03/2020 10:00:00"
"0","0","0","08 February ","3","0","0","28620","195609","1145","2009","10","2437","02/10/2020 12:10:49","0","165844","Telangana","TG","[July 27] : Telangana bulletin for the previous day is released on the next day. We will add the cases for Telangana against the date of release, as that is the convention that we are following for other states.\n--\nDistrict-wise numbers are not reported because cumulative counts for each district are not provided in Telangana bulletin","","43.53","","","ICMR_website_update_22March_6PM_IST.pdf","","","22/03/2020","2.18%","","45.78","14","17237","396","","18127","22/03/2020 18:00:00"
"0","0","0","09 February ","3","0","0","12502","184276","906","0","0","0","01/10/2020 22:07:54","1","170867","Bihar","BR","","","42.15","","","ICMR_website_update_23March_10AM_IST.pdf","","","23/03/2020","2.26%","","44.30","14","17493","415","","18383","23/03/2020 10:00:00"
"0","0","0","10 February ","3","0","0","34163","182396","711","0","0","0","01/10/2020 23:39:45","3","147519","Assam","AS","","","42.07","","","ICMR_website_update_23March_8PM_IST.pdf","","","23/03/2020","2.27%","","43.96","16","19817","471","","20707","23/03/2020 20:00:00"
"0","0","0","11 February ","3","0","0","72339","204242","772","0","0","0","01/10/2020 21:13:43","83","131048","Kerala","KL","Mahe native who expired in Kannur included in Kerala's deceased tally.\nOne patient absconded from Palakkad to TN and one patient returned back to Maharashtra. Some non-covid deaths (accident,cancer etc.) have also been reported in the bulletin.\nIn total 83 such cases have been reduced from active count","","41.44","","","ICMR_website_update_24March_10AM_IST.pdf","","","24/03/2020","2.31%","","43.29","16","19974","482","","20864","24/03/2020 10:00:00"
"0","0","0","12 February ","3","0","0","16616","138744","3463","0","0","0","01/10/2020 22:07:56","0","118665","Gujarat","GJ","","","40.68","","","ICMR_website_update_24March_8PM_IST.pdf","","","24/03/2020","2.36%","","42.34","17","21804","536","","22694","24/03/2020 20:00:00"
"0","0","1","13 February ","3","0","1","20807","137485","1500","0","0","0","01/10/2020 22:08:04","0","115178","Rajasthan","RJ","","","40.89","","","ICMR_website_update_25March_10AM_IST.pdf","","","25/03/2020","2.35%","","42.54","17","22038","539","","22928","25/03/2020 10:00:00"
"0","0","0","14 February ","3","0","1","13472","129912","1402","0","0","0","01/10/2020 22:08:05","0","115038","Haryana","HR","[Aug 2]: 21 Foreign Evacuees have been merged to Panchkula and 14 Italian tourists have been merged to Gurugram in HR bulletin.","","41.75","","","ICMR_website_update_25March_8PM_IST.pdf","","","25/03/2020","2.31%","","43.28","19","24254","581","","25144","25/03/2020 20:00:00"
"0","0","0","15 February ","3","0","1","20473","130088","2336","0","0","0","01/10/2020 22:08:06","0","107279","Madhya Pradesh","MP","","","","","","","","","26/03/2020","","","","","","","","","26/03/2020 10:00:00"
"0","0","1","16 February ","3","0","2","15763","115151","3451","0","0","0","01/10/2020 22:08:08","0","95937","Punjab","PB","","","38.78","","","ICMR_website_update_27March_9AM_IST.pdf","","","26/03/2020","2.50%","","40.07","21","26798","691","","27688","27/03/2020 09:00:00"
"0","0","0","17 February ","3","0","2","30468","116153","986","0","0","0","01/10/2020 23:39:46","0","84699","Chhattisgarh","CT","[Sep 9]:57 backdated deceased cases have been added.","","","","","MoH Press conference with Dr. Raman G","","","30/03/2020","0.00%","1334","","29","","","","38442","30/03/2020 00:00:00"
"0","0","0","18 February ","3","0","2","11482","84664","721","0","0","0","01/10/2020 22:08:10","0","72461","Jharkhand","JH","","","","","","MoH Press conference with Dr. Raman G","","","31/03/2020","0.00%","1733","","32","","","","42788","31/03/2020 00:00:00"
"0","0","0","19 February ","3","0","2","16413","76163","1198","0","0","0","01/10/2020 18:46:47","0","58552","Jammu and Kashmir","JK","","","0.00","","","https://twitter.com/PTI_News/status/1245308976440340482","","","01/04/2020","3.41%","4562","29.29","36","","1637","","47951","01/04/2020 00:00:00"
"0","0","1","20 February ","3","0","3","8544","49248","625","0","0","0","01/10/2020 22:08:12","243","39836","Uttarakhand","UT","","","0.00","","","ICMR_testing_update_02April_9PM_IST.pdf","","","02/04/2020","3.68%","","27.16","42","","2056","","55851","02/04/2020 21:00:00"
"0","0","0","21 February ","3","0","3","4977","33942","440","0","0","0","01/10/2020 22:24:48","0","28525","Goa","GA","","","0.00","","","ICMR_testing_update_03April_9AM_IST.pdf","","","03/04/2020","3.85%","","25.96","43","","2183","","56680","03/04/2020 09:00:00"
"0","0","0","22 February ","3","0","3","4994","28024","525","0","0","0","01/10/2020 22:08:15","0","22505","Puducherry","PY","","","0.00","575","10034","ICMR_testing_update_03April_9PM_IST.pdf","","","03/04/2020","3.83%","","26.10","52","","2653","","69245","03/04/2020 21:00:00"
"0","0","0","23 February ","3","0","3","5480","26359","283","296","3","504","02/10/2020 12:10:52","23","20573","Tripura","TR","[Aug 4]: Tripura bulletin for the previous day is released on the next day. We will add the cases for Tripura against the date of release, as that is the convention that we are following for other states.","","0.00","","","https://icmr.nic.in/sites/default/files/whats_new/ICMR_testing_update_04April_9PM_IST.pdf","","","04/04/2020","3.89%","","25.68","60","","3113","","79950","04/04/2020 21:00:00"
"0","0","0","24 February ","3","0","3","3416","15219","190","0","0","0","01/10/2020 23:39:48","25","11588","Himachal Pradesh","HP","","","0.00","295","9369","https://icmr.nic.in/sites/default/files/whats_new/ICMR_testing_update_05April_9PM_IST.pdf","","","05/04/2020","3.97%","","25.19","67","","3554","","89534","05/04/2020 21:00:00"
"0","0","0","25 February ","3","0","3","1884","12057","164","0","0","0","01/10/2020 19:57:58","0","10009","Chandigarh","CH","","","0.00","311","11432","https://icmr.nic.in/sites/default/files/whats_new/ICMR_testing_update_06April_9PM_IST.pdf","","","06/04/2020","4.09%","","24.44","76","","4135","","101068","06/04/2020 21:00:00"
"0","0","0","26 February ","3","0","3","2402","11111","68","0","0","0","01/10/2020 23:39:50","0","8641","Manipur","MN","","","0.00","285","12584","ICMR_testing_update_07April_9PM_IST.pdf","","","07/04/2020","4.05%","","24.70","86","","4616","","114015","07/04/2020 21:00:00"
"0","0","0","27 February ","3","0","3","2955","10020","16","0","0","0","01/10/2020 23:47:46","0","7049","Arunachal Pradesh","AR","[July 25]: All numbers corresponding to Papum Pare and Captial Complex are tracked under Papum Pare district.","","0.00","320","13143","https://icmr.nic.in/sites/default/files/whats_new/ICMR_testing_update_08April_9PM_IST.pdf","","","08/04/2020","4.00%","","25.01","96","","5114","","127919","08/04/2020 21:00:00"
"0","0","0","28 February ","3","0","3","1078","6244","12","0","0","0","01/10/2020 19:23:47","55","5099","Nagaland","NL","","","22.93","320","16002","https://icmr.nic.in/sites/default/files/whats_new/ICMR_testing_update_09April_9PM_IST.pdf","","","09/04/2020","3.94%","","25.40","109","130792","5705","","144910","09/04/2020 21:00:00"
"0","0","0","29 February ","3","0","3","1750","5802","51","0","0","0","01/10/2020 23:47:48","0","4001","Meghalaya","ML","","","21.40","433","15663","https://icmr.nic.in/sites/default/files/whats_new/ICMR_testing_update_10April_9PM_IST.pdf","","","10/04/2020","4.26%","","23.48","121","147034","6872","","161330","10/04/2020 21:00:00"
"0","0","0","01 March ","3","0","3","1064","4269","58","0","0","0","30/09/2020 23:17:45","0","3147","Ladakh","LA","[Sep 08] : Testing details are not available in Ladakh bulletin from Sep 06 onwards","","21.39","600","17143","https://icmr.nic.in/sites/default/files/whats_new/ICMR_testing_update_11April_9PM_IST.pdf","","","11/04/2020","4.29%","","23.29","135","164773","7703","","179374","11/04/2020 21:00:00"
"2","0","0","02 March ","5","0","3","172","3848","53","0","0","0","01/10/2020 23:39:54","0","3623","Andaman and Nicobar Islands","AN","","","21.78","544","15,583","https://icmr.nic.in/sites/default/files/whats_new/ICMR_testing_update_12April_9PM_IST.pdf","","","12/04/2020","4.25%","","23.55","147","181028","8312","","195748","12/04/2020 21:00:00"
"1","0","0","03 March ","6","0","3","115","3057","2","0","0","0","01/10/2020 19:17:46","32","2908","Dadra and Nagar Haveli and Daman and Diu","DN","","","21.68","","","https://icmr.nic.in/sites/default/files/whats_new/ICMR_testing_update_13April_9PM_IST_0.pdf","","","13/04/2020","4.29%","","23.29","163","202551","9341","","217554","13/04/2020 21:00:00"
"22","0","0","04 March ","28","0","3","635","2969","40","0","0","0","01/10/2020 22:08:17","0","2294","Sikkim","SK","","","22.26","853","26351","https://icmr.nic.in/sites/default/files/whats_new/ICMR_testing_update_14April_9PM_IST.pdf","","","14/04/2020","4.21%","","23.76","184","229426","10307","","244893","14/04/2020 21:00:00"
"2","0","0","05 March ","30","0","3","328","2049","0","31","0","0","02/10/2020 12:10:55","0","1721","Mizoram","MZ","","","22.90","953","28941","https://icmr.nic.in/sites/default/files/whats_new/ICMR_testing_update_15April_9PM_IST.pdf","","","15/04/2020","4.11%","","24.31","206","258730","11297","","274599","15/04/2020 21:00:00"
"1","0","0","06 March ","31","0","3","0","0","0","0","0","0","19/07/2020 09:40:01","0","0","State Unassigned","UN","MoHFW website reports that these are the 'cases that are being reassigned to states'. ","","22.79","1206","27256","https://icmr.nic.in/sites/default/files/whats_new/ICMR_testing_update_16April_9PM_IST.pdf","","","16/04/2020","4.15%","","24.08","227","286714","12,581","","302956","16/04/2020 21:00:00"
"3","0","0","07 March ","34","0","3","0","0","0","0","0","0","26/03/2020 07:19:29","0","0","Lakshadweep","LD","","","22.59","1443","31083","https://icmr.nic.in/sites/default/files/whats_new/ICMR_testing_update_17April_9PM_IST.pdf","","","17/04/2020","4.21%","","23.77","251","318449","14098","","335123","17/04/2020 21:00:00"
"5","0","0","08 March ","39","0","3","","","","","","","","","","","","","","21.69","2154","35494","https://icmr.nic.in/sites/default/files/whats_new/ICMR_testing_update_18April_9PM_IST.pdf","","","18/04/2020","4.40%","","22.74","279","354969","16365","","372123","18/04/2020 21:00:00"
"9","0","0","09 March ","48","0","3","","","","","","","","","","","","","","21.80","1135","27824","https://icmr.nic.in/sites/default/files/whats_new/ICMR_testing_update_19April_9PM_IST.pdf","","","19/04/2020","4.39%","","22.80","301","383985","17615","","401586","19/04/2020 21:00:00"
"15","0","1","10 March ","63","0","4","","","","","","","","","","","","","","","","","","","","20/04/2020","","","","","","","","","20/04/2020 21:00:00"
"8","0","0","11 March ","71","0","4","","","","","","","","","","","","","","","","26943","https://icmr.nic.in/sites/default/files/whats_new/ICMR_testing_update_21April_9PM_IST.pdf","","","21/04/2020","0.00%","","","347","447812","","","462621","21/04/2020 21:00:00"
"10","1","0","12 March ","81","1","4","","","","","","","","","","","","","","","","","","","","","","","","","","","","","22/04/2020 21:00:00"
"10","0","6","13 March ","91","1","10","","","","","","","","","","","","","","22.26","","","https://icmr.nic.in/sites/default/files/whats_new/ICMR_testing_update_23Apr2020_9AM_IST.pdf","","","22/04/2020","4.35%","","22.96","376","485172","21797","","500542","23/04/2020 09:00:00"
"11","1","0","14 March ","102","2","10","","","","","","","","","","","","","","22.37","","","https://icmr.nic.in/sites/default/files/whats_new/ICMR_testing_update_24Apr2020_9AM_IST.pdf","","","23/04/2020","4.34%","","23.05","406","525667","23502","","541789","24/04/2020 09:00:00"
"10","0","3","15 March ","112","2","13","","","","","","","","","","","","","","","","","https://icmr.nic.in/sites/default/files/whats_new/ICMR_testing_update_25Apr2020_9AM_IST.pdf","","","24/04/2020","0.00%","","","435","","","","579957","25/04/2020 09:00:00"
"14","0","1","16 March ","126","2","14","","","","","","","","","","","","","","","","","https://icmr.nic.in/sites/default/files/whats_new/ICMR_testing_update_26Apr2020_9AM_IST.pdf","","","25/04/2020","4.20%","","","469","","","","625309","26/04/2020 09:00:00"
"20","1","1","17 March ","146","3","15","","","","","","","","","","","","","","","","","https://icmr.nic.in/sites/default/files/whats_new/ICMR_testing_update_27Apr2020_9AM_IST.pdf","","","26/04/2020","4.19%","","","500","","","","665819","27/04/2020 09:00:00"
"25","0","0","18 March ","171","3","15","","","","","","","","","","","","","","","","","https://www.icmr.nic.in/pdf/covid/update/ICMR_testing_update_28Apr2020_9AM_IST.pdf","","","27/04/2020","4.11%","","","538","","","","716733","28/04/2020 09:00:00"
"27","1","5","19 March ","198","4","20","","","","","","","","","","","","","","","","","https://www.icmr.gov.in/pdf/covid/update/ICMR_testing_update_29Apr2020_9AM_IST.pdf","","","28/04/2020","4.07%","","","578","","","","770764","29/04/2020 09:00:00"
"58","0","3","20 March ","256","4","23","","","","","","","","","","","","","","","","","https://www.icmr.gov.in/pdf/covid/update/ICMR_testing_update_30Apr2020_9AM_IST.pdf","","","29/04/2020","3.98%","","","623","","","","830201","30/04/2020 09:00:00"
"78","0","0","21 March ","334","4","23","","","","","","","","","","","","","","","","","https://www.icmr.gov.in/pdf/covid/update/ICMR_testing_update_01May2020_9AM_IST.pdf","","","30/04/2020","3.86%","","","677","","","","902654","01/05/2020 09:00:00"
"69","3","0","22 March ","403","7","23","","","","","","","","","","","","","","","","","https://www.icmr.gov.in/pdf/covid/update/ICMR_testing_update_02May2020_9AM_IST.pdf","","","01/05/2020","3.82%","","","733","","","","976363","02/05/2020 09:00:00"
"94","2","2","23 March ","497","9","25","","","","","","","","","","","","","","","","","https://www.icmr.gov.in/pdf/covid/update/ICMR_testing_update_03May2020_9AM_IST.pdf","","","02/05/2020","3.81%","","","785","","","","1046450","03/05/2020 09:00:00"
"74","1","15","24 March ","571","10","40","","","","","","","","","","","","","","","","","https://www.icmr.gov.in/pdf/covid/update/ICMR_testing_update_04May2020_9AM_IST.pdf","","","03/05/2020","3.86%","","","831","","","","1107233","04/05/2020 09:00:00"
"86","1","3","25 March ","657","11","43","","","","","","","","","","","","","","","","","https://www.icmr.gov.in/pdf/covid/update/ICMR_testing_update_05May2020_9AM_IST.pdf","","","04/05/2020","3.90%","","","894","","","","1191946","05/05/2020 09:00:00"
"73","5","7","26 March ","730","16","50","","","","","","","","","","","","","","","","","https://www.icmr.gov.in/pdf/covid/update/ICMR_testing_update_06May2020_9AM_IST.pdf","","","05/05/2020","3.87%","","","958","","","","1276781","06/05/2020 09:00:00"
"153","3","25","27 March ","883","19","75","","","","","","","","","","","","","","","","","https://www.icmr.gov.in/pdf/covid/update/ICMR_testing_update_07May2020_9AM_IST.pdf","","","06/05/2020","3.91%","","","1018","","","","1357413","07/05/2020 09:00:00"
"136","5","10","28 March ","1019","24","85","","","","","","","","","","","","","","","","","https://www.icmr.gov.in/pdf/covid/update/ICMR_testing_update_08May2020_9AM_IST.pdf","","","07/05/2020","3.92%","","","1079","","","","1437788","08/05/2020 09:00:00"
"120","3","17","29 March ","1139","27","102","","","","","","","","","","","","","","","","","https://www.icmr.gov.in/pdf/covid/update/ICMR_testing_update_09May2020_9AM_IST.pdf","","","08/05/2020","3.92%","","","1143","","","","1523213","09/05/2020 09:00:00"
"187","14","35","30 March ","1326","41","137","","","","","","","","","","","","","","","","","https://www.icmr.gov.in/pdf/covid/update/ICMR_testing_update_10May2020_9AM_IST.pdf","","","09/05/2020","3.91%","","","1207","","","","1609037","10/05/2020 09:00:00"
"309","6","13","31 March ","1635","47","150","","","","","","","","","","","","","","","","","https://www.icmr.gov.in/pdf/covid/update/ICMR_testing_update_11May2020_9AM_IST.pdf","","","10/05/2020","4.01%","","","1256","","","","1673688","11/05/2020 09:00:00"
"424","6","19","01 April ","2059","53","169","","","","","","","","","","","","","","","","","https://www.icmr.gov.in/pdf/covid/update/ICMR_testing_update_12May2020_9AM_IST.pdf","","","11/05/2020","4.02%","","","1320","","","","1759579","12/05/2020 09:00:00"
"486","16","22","02 April ","2545","69","191","","","","","","","","","","","","","","","","","https://www.icmr.gov.in/pdf/covid/update/ICMR_testing_update_13May2020_9AM_IST.pdf","","","12/05/2020","4.01%","","","1391","","","","1854250","13/05/2020 09:00:00"
"560","14","39","03 April ","3105","83","230","","","","","","","","","","","","","","","","","https://www.icmr.gov.in/pdf/covid/update/ICMR_testing_update_14May2020_9AM_IST.pdf","","","13/05/2020","4.01%","","","1461","","","","1947041","14/05/2020 09:00:00"
"579","13","56","04 April ","3684","96","286","","","","","","","","","","","","","","","","","https://www.icmr.gov.in/pdf/covid/update/ICMR_testing_update_15May2020_9AM_IST.pdf","","","14/05/2020","4.02%","","","1530","","","","2039952","15/05/2020 09:00:00"
"609","22","43","05 April ","4293","118","329","","","","","","","","","","","","","","","","","https://www.icmr.gov.in/pdf/covid/update/ICMR_testing_update_16May2020_9AM_IST.pdf","","","15/05/2020","4.02%","","","1601","","","","2134277","16/05/2020 09:00:00"
"484","16","65","06 April ","4777","134","394","","","","","","","","","","","","","","","","","https://www.icmr.gov.in/pdf/covid/update/ICMR_testing_update_17May2020_9AM_IST.pdf","","","16/05/2020","4.07%","","","1671","","","","2227642","17/05/2020 09:00:00"
"573","27","75","07 April ","5350","161","469","","","","","","","","","","","","","","","","","https://www.icmr.gov.in/pdf/covid/update/ICMR_testing_update_18May2020_9AM_IST.pdf","","","17/05/2020","4.16%","","","1728","","","","2302792","18/05/2020 09:00:00"
"565","20","96","08 April ","5915","181","565","","","","","","","","","","","","","","","","","https://www.icmr.gov.in/pdf/covid/update/ICMR_testing_update_19May2020_9AM_IST.pdf","","","18/05/2020","4.17%","","","1804","","","","2404267","19/05/2020 09:00:00"
"813","46","70","09 April ","6728","227","635","","","","","","","","","","","","","","","","108121","https://www.icmr.gov.in/pdf/covid/update/ICMR_testing_update_20May2020_9AM_IST.pdf","","","19/05/2020","4.24%","","","1885","","","","2512388","20/05/2020 09:00:00"
"871","22","151","10 April ","7599","249","786","","","","","","","","","","","","","","","","103532","https://www.icmr.gov.in/pdf/covid/update/ICMR_testing_update_21May2020_9AM_IST.pdf","","","20/05/2020","4.29%","","","1963","","","","2615920","21/05/2020 09:00:00"
"854","41","186","11 April ","8453","290","972","","","","","","","","","","","","","","","","103514","https://t.me/Covid19india_Auxiliary_Test_Data/99","","","21/05/2020","4.35%","","","2040","","","","2719434","22/05/2020 09:00:00"
"758","42","114","12 April ","9211","332","1086","","","","","","","","","","","","","","","","115364","https://t.me/Covid19india_Auxiliary_Test_Data/110","","","22/05/2020","4.40%","","","2127","","","","2834798","23/05/2020 09:00:00"
"1243","27","112","13 April ","10454","359","1198","","","","","","","","","","","","","","","","108623","https://t.me/Covid19india_Auxiliary_Test_Data/129","","","23/05/2020","4.47%","","","2208","","","","2943421","24/05/2020 09:00:00"
"1031","37","167","14 April ","11485","396","1365","","","","","","","","","","","","","","","","90170","https://t.me/Covid19india_Auxiliary_Test_Data/146","","","24/05/2020","4.57%","","","2276","","","","3033591","25/05/2020 09:00:00"
"886","27","144","15 April ","12371","423","1509","","","","","","","","","","","","","","","","92528","https://t.me/Covid19india_Auxiliary_Test_Data/160","","","25/05/2020","4.64%","","","2345","","","","3126119","26/05/2020 09:00:00"
"1061","26","258","16 April ","13432","449","1767","","","","","","","","","","","","","","","","116041","https://t.me/Covid19india_Auxiliary_Test_Data/177","","","26/05/2020","4.65%","","","2432","","","","3242160","27/05/2020 09:00:00"
"922","38","273","17 April ","14354","487","2040","","","","","","","","","","","","","","","","119976","https://t.me/Covid19india_Auxiliary_Test_Data/194","","","27/05/2020","4.70%","","","2522","","","","3362136","28/05/2020 09:00:00"
"1371","35","426","18 April ","15725","522","2466","","","","","","","","","","","","","","","","121702","https://t.me/Covid19india_Auxiliary_Test_Data/211","","","28/05/2020","4.75%","","","2614","","","","3483838","29/05/2020 09:00:00"
"1580","38","388","19 April ","17305","560","2854","","","","","","","","","","","","","","","","127761","https://t.me/Covid19india_Auxiliary_Test_Data/228","","","29/05/2020","4.80%","","","2710","","","","3611599","30/05/2020 09:00:00"
"1239","33","419","20 April ","18544","593","3273","","","","","","","","","","","","","","","","125428","https://t.me/Covid19india_Auxiliary_Test_Data/236","","","30/05/2020","4.87%","","","2804","","","","3737027","31/05/2020 09:00:00"
"1537","53","703","21 April ","20081","646","3976","","","","","","","","","","","","","","","","100180","https://t.me/Covid19india_Auxiliary_Test_Data/253","","","31/05/2020","4.97%","","","2879","","","","3837207","01/06/2020 09:00:00"
"1292","36","394","22 April ","21373","682","4370","","","","","","","","","","","","","","","","128868","https://twitter.com/ICMRDELHI/status/1267665101781266433?s=20","","","01/06/2020","5.00%","","","2976","","","","3966075","02/06/2020 09:00:00"
"1667","40","642","23 April ","23040","722","5012","","","","","","","","","","","","","","","","137158","https://twitter.com/ICMRDELHI/status/1268030064467165184?s=19","","","02/06/2020","5.05%","","","3078","","","","4103233","03/06/2020 09:00:00"
"1408","59","484","24 April ","24448","781","5496","","","","","","","","","","","","","","","","139485","https://t.me/Covid19india_Auxiliary_Test_Data/294","","","03/06/2020","5.11%","","","3183","","","","4242718","04/06/2020 09:00:00"
"1835","44","442","25 April ","26283","825","5938","","","","","","","","","","","","","","","","143661","https://t.me/Covid19india_Auxiliary_Test_Data/313","","","04/06/2020","5.17%","","","3291","","","","4386379","05/06/2020 09:00:00"
"1607","56","585","26 April ","27890","881","6523","","","","","","","","","","","","","","","","137938","https://twitter.com/ICMRDELHI/status/1269111826618302464?s=19","","","05/06/2020","5.22%","","","3394","","","","4524317","06/06/2020 09:00:00"
"1568","58","580","27 April ","29458","939","7103","","","","","","","","","","","","","","","","142069","https://t.me/Covid19india_Auxiliary_Test_Data/340","","","06/06/2020","5.28%","","","3501","","","","4666386","07/06/2020 09:00:00"
"1902","69","636","28 April ","31360","1008","7739","","","","","","","","","","","","","","","","108048","https://t.me/Covid19india_Auxiliary_Test_Data/355","","","07/06/2020","5.39%","","","3582","","","","4774434","08/06/2020 09:00:00"
"1705","71","690","29 April ","33065","1079","8429","","","","","","","","","","","","","","","","141682","https://t.me/Covid19india_Auxiliary_Test_Data/374","","","08/06/2020","5.41%","","","3688","","","","4916116","09/06/2020 09:00:00"
"1801","75","630","30 April ","34866","1154","9059","","","","","","","","","","","","","","","","145216","https://t.me/Covid19india_Auxiliary_Test_Data/388","","","09/06/2020","5.45%","","","3797","","","","5061332","10/06/2020 09:00:00"
"2396","77","962","01 May ","37262","1231","10021","","","","","","","","","","","","","","","","151808","https://t.me/Covid19india_Auxiliary_Test_Data/402","","","10/06/2020","5.51%","","","3911","","","","5213140","11/06/2020 09:00:00"
"2564","92","831","02 May ","39826","1323","10852","","","","","","","","","","","","","","","","150305","https://t.me/Covid19india_Auxiliary_Test_Data/419","","","11/06/2020","5.56%","","","4024","","","","5363445","12/06/2020 09:00:00"
"2952","140","911","03 May ","42778","1463","11763","","","","","","","","","","","","","","","","143737","https://twitter.com/ICMRDELHI/status/1271652968694075393?s=09","","","12/06/2020","5.62%","","","4132","","","","5507182","13/06/2020 09:00:00"
"3656","103","1082","04 May ","46434","1566","12845","","","","","","","","","","","","","","","","151432","https://t.me/Covid19india_Auxiliary_Test_Data/448","","","13/06/2020","5.68%","","","4245","","","","5658614","14/06/2020 09:00:00"
"2971","128","1295","05 May ","49405","1694","14140","","","","","","","","","","","","","","","","115519","https://t.me/Covid19india_Auxiliary_Test_Data/472","","","14/06/2020","5.77%","","","4332","","","","5774133","15/06/2020 09:00:00"
"3602","91","1161","06 May ","53007","1785","15301","","","","","","","","","","","","","","","","154935","https://t.me/Covid19india_Auxiliary_Test_Data/490","","","15/06/2020","5.79%","","","4442","","","","5921069","16/06/2020 09:00:00"
"3344","104","1475","07 May ","56351","1889","16776","","","","","","","","","","","","","","","","163187","https://t.me/Covid19india_Auxiliary_Test_Data/509","","","16/06/2020","5.82%","","","4565","","","","6084256","17/06/2020 09:00:00"
"3339","97","1111","08 May ","59690","1986","17887","","","","","","","","","","","","","","","","165412","https://t.me/Covid19india_Auxiliary_Test_Data/525","","","17/06/2020","5.88%","","","4689","","","","6249668","18/06/2020 09:00:00"
"3175","115","1414","09 May ","62865","2101","19301","","","","","","","","","","","","","","","","176959","https://t.me/Covid19india_Auxiliary_Test_Data/543","","","18/06/2020","5.93%","","","4822","","","","6426627","19/06/2020 09:00:00"
"4311","112","1669","10 May ","67176","2213","20970","","","","","","","","","","","","","","","","189869","https://t.me/Covid19india_Auxiliary_Test_Data/562","","","19/06/2020","5.98%","","","4964","","","","6616496","20/06/2020 09:00:00"
"3592","81","1579","11 May ","70768","2294","22549","","","","","","","","","","","","","","","","190730","https://t.me/Covid19india_Auxiliary_Test_Data/577","","","20/06/2020","6.05%","","","5107","","","","6807226","21/06/2020 09:00:00"
"3562","120","1905","12 May ","74330","2414","24454","","","","","","","","","","","","","","","","143267","https://t.me/Covid19india_Auxiliary_Test_Data/594","https://twitter.com/ICMRDELHI/status/1274913260559577090?s=19","","21/06/2020","6.14%","","","5215","","","","6950493","22/06/2020 09:00:00"
"3726","137","1963","13 May ","78056","2551","26417","","","","","","","","","","","","","","","","187223","https://t.me/Covid19india_Auxiliary_Test_Data/610","https://twitter.com/ICMRDELHI/status/1275277617864699906?s=19","","22/06/2020","6.17%","","","5355","","","","7137716","23/06/2020 09:00:00"
"3991","97","1594","14 May ","82047","2648","28011","","","","","","","","","","","","","","","","215195","https://twitter.com/ICMRDELHI/status/1275632600481067008/photo/1","https://t.me/Covid19india_Auxiliary_Test_Data/628","","23/06/2020","6.20%","","","5516","","","","7352911","24/06/2020 09:00:00"
"3808","104","2234","15 May ","85855","2752","30245","","","","","","","","","","","","","","","","207871","https://twitter.com/ICMRDELHI/status/1275995927824588802","","","24/06/2020","6.26%","","","5672","","","","7560782","25/06/2020 09:00:00"
"4794","120","4012","16 May ","90649","2872","34257","","","","","","","","","","","","","","","","215446","https://twitter.com/ICMRDELHI/status/1276356899642859520","","","25/06/2020","6.32%","","","5834","","","","7776228","26/06/2020 09:00:00"
"5049","152","2538","17 May ","95698","3024","36795","","","","","","","","","","","","","","","","220479","https://twitter.com/ICMRDELHI/status/1276720050066452481","https://t.me/Covid19india_Auxiliary_Test_Data/686","","26/06/2020","6.37%","","","5999","","","","7996707","27/06/2020 09:00:00"
"4628","131","2482","18 May ","100326","3155","39277","","","","","","","","","","","","","","","","231095","https://twitter.com/ICMRDELHI/status/1277084645016797190","https://t.me/Covid19india_Auxiliary_Test_Data/712","","27/06/2020","6.44%","","","6173","","","","8227802","28/06/2020 09:00:00"
"6154","146","3032","19 May ","106480","3301","42309","","","","","","","","","","","","","","","","170560","https://twitter.com/ICMRDELHI/status/1277441381988921344","https://t.me/Covid19india_Auxiliary_Test_Data/740","","28/06/2020","6.54%","","","6301","","","","8398362","29/06/2020 09:00:00"
"5720","134","3113","20 May ","112200","3435","45422","","","","","","","","","","","","","","","","210292","https://twitter.com/ICMRDELHI/status/1277811671281446913","https://t.me/Covid19india_Auxiliary_Test_Data/774","","29/06/2020","6.59%","","","6459","","","","8608654","30/06/2020 09:00:00"
"6023","148","3131","21 May ","118223","3583","48553","","","","","","","","","","","","","","","","217931","https://twitter.com/ICMRDELHI/status/1278172186612609025","https://t.me/Covid19india_Auxiliary_Test_Data/804","","30/06/2020","6.64%","","","6622","","","","8826585","01/07/2020 09:00:00"
"6536","142","3280","22 May ","124759","3725","51833","","","","","","","","","","","","","","","","229588","https://twitter.com/ICMRDELHI/status/1278529927797551104","https://t.me/Covid19india_Auxiliary_Test_Data/830","","01/07/2020","6.68%","","","6794","","","","9056173","02/07/2020 09:00:00"
"6667","142","2576","23 May ","131424","3867","54409","","","","","","","","","","","","","","","","241576","https://twitter.com/ICMRDELHI/status/1278893457470222337","https://t.me/Covid19india_Auxiliary_Test_Data/866","","02/07/2020","6.75%","","","6976","","","","9297749","03/07/2020 09:00:00"
"7111","156","3285","24 May ","138537","4023","57694","","","","","","","","","","","","","","","","242383","https://twitter.com/ICMRDELHI/status/1279256992754790405","https://t.me/Covid19india_Auxiliary_Test_Data/882","","03/07/2020","6.81%","","","7157","","","","9540132","04/07/2020 09:00:00"
"6414","150","3012","25 May ","144951","4173","60706","","","","","","","","","","","","","","","","248934","https://twitter.com/ICMRDELHI/status/1279624025497427968","https://t.me/Covid19india_Auxiliary_Test_Data/920","","04/07/2020","6.88%","","","7344","","","","9789066","05/07/2020 09:00:00"
"5907","173","3585","26 May ","150858","4346","64291","","","","","","","","","","","","","","","","180596","https://twitter.com/ICMRDELHI/status/1279980092995694592","https://t.me/Covid19india_Auxiliary_Test_Data/946","","05/07/2020","7.00%","","","7480","","","","9969662","06/07/2020 09:00:00"
"7246","188","3434","27 May ","158104","4534","67725","","","","","","","","","","","","","","","","241430","https://twitter.com/ICMRDELHI/status/1280347767114629120","https://t.me/Covid19india_Auxiliary_Test_Data/975","","06/07/2020","7.05%","","","7661","","","","10211092","07/07/2020 09:00:00"
"7254","176","3171","28 May ","165358","4710","70896","","","","","","","","","","","","","","","","262679","https://twitter.com/ICMRDELHI/status/1280707600015749120","https://t.me/Covid19india_Auxiliary_Test_Data/1000","","07/07/2020","7.10%","","","7858","","","","10473771","08/07/2020 09:00:00"
"8138","269","11735","29 May ","173496","4979","82631","","","","","","","","","","","","","","","","267061","https://twitter.com/ICMRDELHI/status/1281068228542738432","https://t.me/Covid19india_Auxiliary_Test_Data/1022","","08/07/2020","7.16%","","","8058","","","","10740832","09/07/2020 09:00:00"
"8364","205","4303","30 May ","181860","5184","86934","","","","","","","","","","","","","","","","283659","https://twitter.com/ICMRDELHI/status/1281436467487629312","https://t.me/Covid19india_Auxiliary_Test_Data/1048","","09/07/2020","7.21%","","","8271","","","","11024491","10/07/2020 09:00:00"
"8789","222","4928","31 May ","190649","5406","91862","","","","","","","","","","","","","","","","282511","https://twitter.com/ICMRDELHI/status/1281794800195301376","https://t.me/Covid19india_Auxiliary_Test_Data/1066","","10/07/2020","7.28%","","","8483","","","","11307002","11/07/2020 09:00:00"
"7723","201","3882","01 June ","198372","5607","95744","","","","","","","","","","","","","","","","280151","https://twitter.com/ICMRDELHI/status/1282160902507130881","https://t.me/Covid19india_Auxiliary_Test_Data/1091","","11/07/2020","7.34%","","","8693","","","","11587153","12/07/2020 09:00:00"
"8812","222","4531","02 June ","207187","5829","100275","","","","","","","","","","","","","","","","219103","https://twitter.com/ICMRDELHI/status/1282518284718358528","https://t.me/Covid19india_Auxiliary_Test_Data/1108","","12/07/2020","7.45%","","","8858","","","","11806256","13/07/2020 09:00:00"
"9689","259","3789","03 June ","216876","6088","104064","","","","","","","","","","","","","","","","286247","https://twitter.com/ICMRDELHI/status/1282888590230319104","https://t.me/Covid19india_Auxiliary_Test_Data/1132","","13/07/2020","7.51%","","","9072","","","","12092503","14/07/2020 09:00:00"
"9847","274","4390","04 June ","226723","6362","108454","","","","","","","","","","","","","","","","320161","https://twitter.com/ICMRDELHI/status/1283242773781467136","https://t.me/Covid19india_Auxiliary_Test_Data/1159","","14/07/2020","7.55%","","","9313","","","","12412664","15/07/2020 09:00:00"
"9472","286","4770","05 June ","236195","6648","113224","","","","","","","","","","","","","","","","326826","https://twitter.com/ICMRDELHI/status/1283601928279080960/photo/1","https://t.me/Covid19india_Auxiliary_Test_Data/1177","","15/07/2020","7.62%","","","9558","","","","12739490","16/07/2020 09:00:00"
"10408","297","5433","06 June ","246603","6945","118657","","","","","","","","","","","","","","","","333228","https://twitter.com/ICMRDELHI/status/1283977904246845442","https://t.me/Covid19india_Auxiliary_Test_Data/1189","","16/07/2020","7.69%","","","9808","","","","13072718","17/07/2020 09:00:00"
"10882","261","5191","07 June ","257485","7206","123848","","","","","","","","","","","","","","","","361024","https://twitter.com/ICMRDELHI/status/1284329467804966912","https://t.me/Covid19india_Auxiliary_Test_Data/1208","","17/07/2020","7.75%","","","10079","","","","13433742","18/07/2020 09:00:00"
"8536","271","5171","08 June ","266021","7477","129019","","","","","","","","","","","","","","","","358127","https://twitter.com/ICMRDELHI/status/1284689929360928771","https://t.me/Covid19india_Auxiliary_Test_Data/1225","","18/07/2020","7.82%","","","10347","","","","13791869","19/07/2020 09:00:00"
"9981","272","5634","09 June ","276002","7749","134653","","","","","","","","","","","","","","","","256039","https://twitter.com/ICMRDELHI/status/1285050262583865355","https://t.me/Covid19india_Auxiliary_Test_Data/1236","","19/07/2020","7.96%","","","10539","","","","14047908","20/07/2020 09:00:00"
"11156","358","6275","10 June ","287158","8107","140928","","","","","","","","","","","","","","","","333395","https://twitter.com/ICMRDELHI/status/1285414282545393664","https://t.me/Covid19india_Auxiliary_Test_Data/1258","","20/07/2020","8.03%","","","10789","","","","14381303","21/07/2020 09:00:00"
"11135","394","6044","11 June ","298293","8501","146972","","","","","","","","","","","","","","","","343243","https://twitter.com/ICMRDELHI/status/1285783025494581249","https://t.me/Covid19india_Auxiliary_Test_Data/1284","","21/07/2020","8.11%","","","11047","","","","14724546","22/07/2020 09:00:00"
"11306","388","7263","12 June ","309599","8889","154235","","","","","","","","","","","","","","","","350823","https://twitter.com/ICMRDELHI/status/1286141514586836993","https://t.me/Covid19india_Auxiliary_Test_Data/1314","","22/07/2020","8.22%","","","11310","","","","15075369","23/07/2020 09:00:00"
"12039","309","8092","13 June ","321638","9198","162327","","","","","","","","","","","","","","","","352801","https://twitter.com/ICMRDELHI/status/1286510593147510785","https://t.me/Covid19india_Auxiliary_Test_Data/1342","","23/07/2020","8.35%","","","11575","","","","15428170","24/07/2020 09:00:00"
"11405","324","7358","14 June ","333043","9522","169685","","","","","","","","","","","","","","","","420898","https://twitter.com/ICMRDELHI/status/1286867899387281408","https://t.me/Covid19india_Auxiliary_Test_Data/1361","","24/07/2020","8.44%","","","11891","","","","15849068","25/07/2020 09:00:00"
"10032","396","10639","15 June ","343075","9918","180324","","","","","","","","","","","","","","","","442263","https://twitter.com/ICMRDELHI/status/1287231590263734273","https://t.me/Covid19india_Auxiliary_Test_Data/1375","","25/07/2020","8.51%","","","12222","","","","16291331","26/07/2020 09:00:00"
"11086","2004","7226","16 June ","354161","11922","187550","","","","","","","","","","","","","","","","515472","http://twitter.com/ICMRDELHI/status/1287592304845320192","https://t.me/Covid19india_Auxiliary_Test_Data/1397","","26/07/2020","8.54%","","","12609","","","","16806803","27/07/2020 09:00:00"
"13108","341","6890","17 June ","367269","12263","194440","","","","","","","","","","","","","","","","528082","https://twitter.com/ICMRDELHI/status/1287966108058677249","https://t.me/Covid19india_Auxiliary_Test_Data/1415","","27/07/2020","8.55%","","","13005","","","","17334885","28/07/2020 09:00:00"
"13829","343","10741","18 June ","381098","12606","205181","","","","","","","","","","","","","","","","408855","http://twitter.com/ICMRDELHI/status/1288314973576245249","https://t.me/Covid19india_Auxiliary_Test_Data/1427","","28/07/2020","8.63%","","","13312","","","","17743740","29/07/2020 09:00:00"
"14740","364","9029","19 June ","395838","12970","214210","","","","","","","","","","","","","","","","446642","http://twitter.com/ICMRDELHI/status/1288670449858048002","https://t.me/Covid19india_Auxiliary_Test_Data/1445","","29/07/2020","8.71%","","","13647","","","","18190382","30/07/2020 09:00:00"
"15918","308","13974","20 June ","411753","13278","228184","","","","","","","","","","","","","","","","642588","http://twitter.com/ICMRDELHI/status/1289043276205457410","https://t.me/Covid19india_Auxiliary_Test_Data/1464","","30/07/2020","8.71%","","","14129","","","","18832970","31/07/2020 09:00:00"
"15151","426","9075","21 June ","426904","13704","237259","","","","","","","","","","","","","","","","525689","https://twitter.com/ICMRDELHI/status/1289405341722001408?s=20)","https://t.me/Covid19india_Auxiliary_Test_Data/1478","","31/07/2020","8.77%","","","14524","","","","19358659","01/08/2020 09:00:00"
"13560","312","10879","22 June ","440464","14016","248138","","","","","","","","","","","","","","","","463172","https://twitter.com/ICMRDELHI/status/1289776921459359745","https://t.me/Covid19india_Auxiliary_Test_Data/1492","","01/08/2020","8.84%","","","14871","","","","19821831","02/08/2020 09:00:00"
"15656","468","10462","23 June ","456120","14484","258600","","","","","","","","","","","","","","","","381027","https://twitter.com/ICMRDELHI/status/1290136251295657986","https://t.me/Covid19india_Auxiliary_Test_Data/1508","","02/08/2020","8.93%","","","15157","","","","20202858","03/08/2020 09:00:00"
"16868","424","13089","24 June ","472988","14908","271689","","","","","","","","","","","","","","","","661892","http://twitter.com/ICMRDELHI/status/1290484131848024066","https://t.me/Covid19india_Auxiliary_Test_Data/1522","","03/08/2020","8.89%","","","15654","","","","20864750","04/08/2020 09:00:00"
"18205","401","13983","25 June ","491193","15309","285672","","","","","","","","","","","","","","","","619652","http://twitter.com/ICMRDELHI/status/1290849286985404417","https://t.me/Covid19india_Auxiliary_Test_Data/1540","","04/08/2020","8.87%","","","16119","","","","21484402","05/08/2020 09:00:00"
"18255","381","10246","26 June ","509448","15690","295918","","","","","","","","","","","","","","","","664949","http://twitter.com/ICMRDELHI/status/1291210644855730176","https://t.me/Covid19india_Auxiliary_Test_Data/1560","","05/08/2020","8.86%","","","16617","","","","22149351","06/08/2020 09:00:00"
"20142","414","14229","27 June ","529590","16104","310147","","","","","","","","","","","","","","","","639042","http://twitter.com/ICMRDELHI/status/1291581826817908737","https://t.me/Covid19india_Auxiliary_Test_Data/1574","","06/08/2020","8.89%","","","17097","","","","22788393","07/08/2020 09:00:00"
"19610","384","11631","28 June ","549200","16488","321778","","","","","","","","","","","","","","","","598778","http://twitter.com/ICMRDELHI/status/1291945755314249731","https://t.me/Covid19india_Auxiliary_Test_Data/1596","","07/08/2020","8.92%","","","17546","","","","23387171","08/08/2020 09:00:00"
"18339","417","13497","29 June ","567539","16905","335275","","","","","","","","","","","","","","","","719364","http://twitter.com/ICMRDELHI/status/1292303919930945537","https://t.me/Covid19india_Auxiliary_Test_Data/1622","","08/08/2020","8.93%","","","18086","","","","24106535","09/08/2020 09:00:00"
"18256","506","12565","30 June ","585795","17411","347840","","","","","","","","","","","","","178394","","","477023","https://twitter.com/ICMRDELHI/status/1292671584549789696","https://t.me/Covid19india_Auxiliary_Test_Data/1642","https://t.me/Covid19india_Auxiliary_Test_Data/1889","09/08/2020","9.01%","","","18444","","","14377704","24583558","10/08/2020 09:00:00"
"19429","438","12064","01 July ","605224","17849","359904","","","","","","","","","","","","","365020","","","698290","http://twitter.com/ICMRDELHI/status/1293043854820519936","https://t.me/Covid19india_Auxiliary_Test_Data/1660","https://t.me/Covid19india_Auxiliary_Test_Data/1891","10/08/2020","8.97%","","","18968","","","14742724","25281848","11/08/2020 09:00:00"
"21947","378","19999","02 July ","627171","18227","379903","","","","","","","","","","","","","368344","","","733449","https://twitter.com/ICMRDELHI/status/1293400350183940096","https://t.me/Covid19india_Auxiliary_Test_Data/1677","https://t.me/Covid19india_Auxiliary_Test_Data/1891","11/08/2020","8.95%","","","19518","","","15111068","26015297","12/08/2020 09:00:00"
"22718","444","14417","03 July ","649889","18671","394320","","","","","","","","","","","","","392348","","","830391","https://twitter.com/ICMRDELHI/status/1293766272744697856?s=20","https://t.me/Covid19india_Auxiliary_Test_Data/1692","https://t.me/Covid19india_Auxiliary_Test_Data/1891","12/08/2020","8.92%","","","20141","","","15503416","26845688","13/08/2020 09:00:00"
"24018","611","14746","04 July ","673907","19282","409066","","","","","","","","","","","","","410635","","","848728","http://twitter.com/ICMRDELHI/status/1294118346384797697","https://t.me/Covid19india_Auxiliary_Test_Data/1704","https://t.me/Covid19india_Auxiliary_Test_Data/1891","13/08/2020","8.88%","","","20778","","","15914051","27694416","14/08/2020 09:00:00"
"23942","421","15829","05 July ","697849","19703","424895","","","","","","","","","","","","","391987","","","868679","http://twitter.com/ICMRDELHI/status/1294485146712698880","https://t.me/Covid19india_Auxiliary_Test_Data/1724","https://t.me/Covid19india_Auxiliary_Test_Data/1891","14/08/2020","8.84%","","","21429","","","16306038","28563095","15/08/2020 09:00:00"
"22500","473","15315","06 July ","720349","20176","440210","","","","","","","","","","","","","262944","","","746608","http://twitter.com/ICMRDELHI/status/1294841110259326976","https://t.me/Covid19india_Auxiliary_Test_Data/1739","https://t.me/Covid19india_Auxiliary_Test_Data/1891","15/08/2020","8.83%","","","21989","","","16568982","29309703","16/08/2020 09:00:00"
"23147","479","16836","07 July ","743496","20655","457046","","","","","","","","","","","","","234952","","","731697","http://twitter.com/ICMRDELHI/status/1295198089125355521","https://t.me/Covid19india_Auxiliary_Test_Data/1752","","16/08/2020","8.81%","","","22538","","","16803934","30041400","17/08/2020 09:00:00"
"25561","492","19508","08 July ","769057","21147","476554","","","","","","","","","","","","","447058","","","899864","https://twitter.com/ICMRDELHI/status/1295561779540459520","https://t.me/Covid19india_Auxiliary_Test_Data/1771","https://t.me/Covid19india_Auxiliary_Test_Data/1894","17/08/2020","8.73%","","","23213","","","17250992","30941264","18/08/2020 09:00:00"
"25790","479","19408","09 July ","794847","21626","495962","","","","","","","","","","","","","438072","","","801518","http://twitter.com/ICMRDELHI/status/1295929066009182210","https://t.me/Covid19india_Auxiliary_Test_Data/1791","https://t.me/Covid19india_Auxiliary_Test_Data/1894","18/08/2020","8.72%","","","23815","","","17689064","31742782","19/08/2020 09:00:00"
"27762","520","20289","10 July ","822609","22146","516251","","","","","","","","","","","","","424438","","","918470","https://twitter.com/ICMRDELHI/status/1296296417372250113","https://t.me/Covid19india_Auxiliary_Test_Data/1804","https://t.me/Covid19india_Auxiliary_Test_Data/1894","19/08/2020","8.68%","","","24504","","","18113502","32661252","20/08/2020 09:00:00"
"27757","543","19981","11 July ","850366","22689","536232","","","","","","","","","","","","","423479","","","805985","http://twitter.com/ICMRDELHI/status/1296650359285243905","https://t.me/Covid19india_Auxiliary_Test_Data/1820","https://t.me/Covid19india_Auxiliary_Test_Data/1894","20/08/2020","8.68%","","","25109","","","18536981","33467237","21/08/2020 09:00:00"
"29106","500","18198","12 July ","879472","23189","554430","","","","","","","","","","","","","416067","","","1023836","http://twitter.com/ICMRDELHI/status/1297010234624315393","https://t.me/Covid19india_Auxiliary_Test_Data/1839","https://t.me/Covid19india_Auxiliary_Test_Data/1879","21/08/2020","8.62%","","","25877","","","18953048","34491073","22/08/2020 09:00:00"
"28178","541","17683","13 July ","907650","23730","572113","","","","","","","","","","","","","331560","","","801147","https://twitter.com/ICMRDELHI/status/1297387806818353152","https://t.me/Covid19india_Auxiliary_Test_Data/1862","https://t.me/Covid19india_Auxiliary_Test_Data/1881","22/08/2020","8.62%","","","26478","","","19284608","35292220","23/08/2020 09:00:00"
"29917","587","20977","14 July ","937567","24317","593090","","","","","","","","","","","","","256070","","","609917","https://twitter.com/ICMRDELHI/status/1297742879255719936?s=20","https://t.me/Covid19india_Auxiliary_Test_Data/1874","https://t.me/Covid19india_Auxiliary_Test_Data/1875","23/08/2020","8.65%","","","26935","","","19540678","35902137","24/08/2020 09:00:00"
"32607","614","20646","15 July ","970174","24931","613736","","","","","","","","","","","","","458481","","","925383","https://twitter.com/ICMRDELHI/status/1298107913597153280?s=20","https://t.me/Covid19india_Auxiliary_Test_Data/1904","https://t.me/Covid19india_Auxiliary_Test_Data/1902","24/08/2020","8.59%","","","27630","","","19999159","36827520","25/08/2020 09:00:00"
"35468","680","22867","16 July ","1005642","25611","636603","","","","","","","","","","","","","474795","","","823992","https://twitter.com/ICMRDELHI/status/1298463649770553344?s=20","https://t.me/Covid19india_Auxiliary_Test_Data/1923","https://t.me/Covid19india_Auxiliary_Test_Data/1920","25/08/2020","8.58%","","","28248","","","20473954","37651512","26/08/2020 09:00:00"
"34820","676","17476","17 July ","1040462","26287","654079","","","","","","","","","","","","","473145","","","924998","https://twitter.com/ICMRDELHI/status/1298823131100938241?s=20","https://t.me/Covid19india_Auxiliary_Test_Data/1944","https://t.me/Covid19india_Auxiliary_Test_Data/1941","26/08/2020","8.57%","","","28942","","","20947099","38576510","27/08/2020 09:00:00"
"37411","543","23583","18 July ","1077873","26830","677662","","","","","","","","","","","","","458987","","","901338","https://twitter.com/ICMRDELHI/status/1299192086776786944?s=20","https://t.me/Covid19india_Auxiliary_Test_Data/1964","https://t.me/Covid19india_Auxiliary_Test_Data/1961","27/08/2020","8.57%","","","29618","","","21406086","39477848","28/08/2020 09:00:00"
"40235","675","22730","19 July ","1118108","27505","700392","","","","","","","","","","","","","450468","","","928761","https://twitter.com/ICMRDELHI/status/1299572890631770112?s=20","https://t.me/Covid19india_Auxiliary_Test_Data/1985","https://t.me/Covid19india_Auxiliary_Test_Data/1982","28/08/2020","8.57%","","","30315","","","21856554","40406609","29/08/2020 09:00:00"
"36806","596","24303","20 July ","1154914","28101","724695","","","","","","","","","","","","","431191","","","1055027","http://twitter.com/ICMRDELHI/status/1299912932717813761","https://t.me/Covid19india_Auxiliary_Test_Data/2002","https://t.me/Covid19india_Auxiliary_Test_Data/2004?single","29/08/2020","8.54%","","","31106","","","22287745","41461636","30/08/2020 09:00:00"
"39170","671","27589","21 July ","1194084","28772","752284","","","","","","","","","","","","","257124","","","846278","https://twitter.com/ICMRDELHI/status/1300277342275690497?s=20","https://t.me/Covid19india_Auxiliary_Test_Data/2038","https://t.me/Covid19india_Auxiliary_Test_Data/2036","30/08/2020","8.55%","","","31741","","","22544869","42307914","31/08/2020 09:00:00"
"45601","1130","31875","22 July ","1239685","29902","784159","","","","","","","","","","","","","481071","","","1016920","https://twitter.com/ICMRDELHI/status/1300631123190374403?s=20","https://t.me/Covid19india_Auxiliary_Test_Data/2058","https://t.me/Covid19india_Auxiliary_Test_Data/2050","31/08/2020","8.51%","","","32504","","","23025940","43324834","01/09/2020 09:00:00"
"48443","755","33326","23 July ","1288128","30657","817485","","","","","","","","","","","","","460496","","","1012367","https://twitter.com/ICMRDELHI/status/1300994754692358144?s=20","https://t.me/Covid19india_Auxiliary_Test_Data/2080","https://t.me/Covid19india_Auxiliary_Test_Data/2078","01/09/2020","8.49%","","","33264","","","23486436","44337201","02/09/2020 09:00:00"
"48888","763","32514","24 July ","1337016","31420","849999","","","","","","","","","","","","","447027","","","1172179","https://twitter.com/ICMRDELHI/status/1301358861308157953?s=20","https://t.me/Covid19india_Auxiliary_Test_Data/2107","https://t.me/Covid19india_Auxiliary_Test_Data/2104","02/09/2020","8.46%","","","34143","","","23933463","45509380","03/09/2020 09:00:00"
"50072","703","37125","25 July ","1387088","32123","887124","","","","","","","","","","","","","452079","","","1169765","https://twitter.com/ICMRDELHI/status/1301719643657175040?s=20","https://t.me/Covid19india_Auxiliary_Test_Data/2132","https://t.me/Covid19india_Auxiliary_Test_Data/2130","03/09/2020","8.43%","","","35021","","","24385542","46679145","04/09/2020 09:00:00"
"48932","704","31512","26 July ","1436020","32827","918636","","","","","","","","","","","","","466152","","","1059346","https://twitter.com/ICMRDELHI/status/1302095137435086848?s=20","https://t.me/Covid19india_Auxiliary_Test_Data/2154","https://t.me/Covid19india_Auxiliary_Test_Data/2152","04/09/2020","8.61%","","","35816","","","24851694","47738491","05/09/2020 09:00:00"
"46484","642","34354","27 July ","1482504","33469","952990","","","","","","","","","","","","","437621","","","1092654","http://twitter.com/ICMRDELHI/status/1302441910481559552","https://t.me/Covid19india_Auxiliary_Test_Data/2181","https://t.me/Covid19india_Auxiliary_Test_Data/2179","05/09/2020","8.61%","","","36635","","","25289315","48831145","06/09/2020 09:00:00"
"49631","774","35683","28 July ","1532135","34243","988673","","","","","","","","","","","","","258804","","","720362","https://www.icmr.gov.in/pdf/covid/update/ICMR_testing_update_07Sept2020.pdf","https://t.me/Covid19india_Auxiliary_Test_Data/2204","https://t.me/Covid19india_Auxiliary_Test_Data/2208","06/09/2020","8.61%","","","37176","","","25548119","49551507","07/09/2020 09:00:00"
"52479","775","32886","29 July ","1584614","35018","1021559","","","","","","","","","","","","","467276","","","1098621","http://twitter.com/ICMRDELHI/status/1303170261689094144","https://t.me/Covid19india_Auxiliary_Test_Data/2234","https://t.me/Covid19india_Auxiliary_Test_Data/2232","07/09/2020","8.63%","","","38000","","","26015395","50650128","08/09/2020 09:00:00"
"54968","784","37425","30 July ","1639582","35802","1058984","","","","","","","","","","","","","487554","","","1154549","https://twitter.com/ICMRDELHI/status/1303528964766408704?s=20","https://t.me/Covid19india_Auxiliary_Test_Data/2253","https://t.me/Covid19india_Auxiliary_Test_Data/2250","08/09/2020","8.62%","","","38866","","","26502949","51804677","09/09/2020 09:00:00"
"57486","764","36554","31 July ","1697068","36566","1095538","","","","","","","","","","","","","480433","","","1129756","http://twitter.com/ICMRDELHI/status/1303895987639918595","https://t.me/Covid19india_Auxiliary_Test_Data/2271","https://t.me/Covid19india_Auxiliary_Test_Data/2269","09/09/2020","8.62%","","","39714","","","26983382","52934433","10/09/2020 09:00:00"
"55117","854","51368","01 August ","1752185","37420","1146906","","","","","","","","","","","","","474975","","","1163542","http://twitter.com/ICMRDELHI/status/1304256905628585984","https://t.me/Covid19india_Auxiliary_Test_Data/2293","https://t.me/Covid19india_Auxiliary_Test_Data/2294","10/09/2020","8.61%","","","40587","","","27458357","54097975","11/09/2020 09:00:00"
"52672","760","40355","02 August ","1804857","38180","1187261","","","","","","","","","","","","","473131","","","1091251","https://www.icmr.gov.in/pdf/covid/update/ICMR_testing_update_12Sept2020.pdf","https://t.me/Covid19india_Auxiliary_Test_Data/2317","https://t.me/Covid19india_Auxiliary_Test_Data/2315","11/09/2020","8.61%","","","41405","","","27931488","55189226","12/09/2020 09:00:00"
"50488","806","43070","03 August ","1855345","38986","1230331","","","","","","","","","","","","","444887","","","1071702","https://www.icmr.gov.in/pdf/covid/update/ICMR_testing_update_13Sept2020.pdf","https://t.me/Covid19india_Auxiliary_Test_Data/2334","https://t.me/Covid19india_Auxiliary_Test_Data/2335","12/09/2020","8.61%","","","42209","","","28376375","56260928","13/09/2020 09:00:00"
"51282","849","51220","04 August ","1906627","39835","1281551","","","","","","","","","","","","","263973","","","978500","https://www.icmr.gov.in/pdf/covid/update/ICMR_testing_update_14Sept2020.pdf","https://t.me/Covid19india_Auxiliary_Test_Data/2357","https://t.me/Covid19india_Auxiliary_Test_Data/2355","13/09/2020","8.61%","","","42944","","","28640348","57239428","14/09/2020 09:00:00"
"56626","919","45583","05 August ","1963253","40754","1327134","","","","","","","","","","","","","485458","","","1072845","http://twitter.com/ICMRDELHI/status/1305699536300511232","https://t.me/Covid19india_Auxiliary_Test_Data/2377","https://t.me/Covid19india_Auxiliary_Test_Data/2375","14/09/2020","8.61%","","","43748","","","29125806","58312273","15/09/2020 09:00:00"
"62170","899","50141","06 August ","2025423","41653","1377275","","","","","","","","","","","","","496917","","","1116842","https://www.icmr.gov.in/pdf/covid/update/ICMR_testing_update_16Sept2020.pdf","https://t.me/Covid19india_Auxiliary_Test_Data/2401","https://t.me/Covid19india_Auxiliary_Test_Data/2398","15/09/2020","8.61%","","","44586","","","29622723","59429115","16/09/2020 09:00:00"
"61455","936","50387","07 August ","2086878","42589","1427662","","","","","","","","","","","","","488309","","","1136613","http://twitter.com/ICMRDELHI/status/1306426219882258433","https://t.me/Covid19india_Auxiliary_Test_Data/2419","https://t.me/Covid19india_Auxiliary_Test_Data/2420","16/09/2020","8.61%","","","45439","","","30111032","60565728","17/09/2020 09:00:00"
"65156","875","52135","08 August ","2152034","43464","1479797","","","","","","","","","","","","","416189","","","1006615","https://www.icmr.gov.in/pdf/covid/update/ICMR_testing_update_18Sept2020.pdf","https://t.me/Covid19india_Auxiliary_Test_Data/2436","https://t.me/Covid19india_Auxiliary_Test_Data/2437","17/09/2020","8.61%","","","46194","","","30527221","61572343","18/09/2020 09:00:00"
"62117","1013","54474","09 August ","2214151","44477","1534271","","","","","","","","","","","","","477426","","","881911","https://www.icmr.gov.in/pdf/covid/update/ICMR_testing_update_19Sept2020.pdf","https://t.me/Covid19india_Auxiliary_Test_Data/2453","https://t.me/Covid19india_Auxiliary_Test_Data/2451","18/09/2020","8.62%","","","46856","","","31004647","62454254","19/09/2020 09:00:00"
"53016","887","47362","10 August ","2267167","45364","1581633","","","","","","","","","","","","","454782","","","1206806","http://twitter.com/ICMRDELHI/status/1307521264051912704","https://t.me/Covid19india_Auxiliary_Test_Data/2470","https://t.me/Covid19india_Auxiliary_Test_Data/2471","19/09/2020","8.64%","","","47761","","","31459429","63661060","20/09/2020 09:00:00"
"61252","835","56461","11 August ","2328419","46199","1638094","","","","","","","","","","","","","284397","","","731534","http://twitter.com/ICMRDELHI/status/1307882901397073920","https://t.me/Covid19india_Auxiliary_Test_Data/2491","https://t.me/Covid19india_Auxiliary_Test_Data/2492","20/09/2020","8.62%","","","48310","","","31743826","64392594","21/09/2020 09:00:00"
"67066","950","57759","12 August ","2395485","47149","1695853","","","","","","","","","","","","","502378","","","933185","http://twitter.com/ICMRDELHI/status/1308247067198799873","https://t.me/Covid19india_Auxiliary_Test_Data/2511","https://t.me/Covid19india_Auxiliary_Test_Data/2512","21/09/2020","8.63%","","","49010","","","32246204","65325779","22/09/2020 09:00:00"
"64141","1006","54776","13 August ","2459626","48155","1750629","","","","","","","","","","","","","477203","","","953683","https://www.icmr.gov.in/pdf/covid/update/ICMR_testing_update_23Sept2020.pdf","https://t.me/Covid19india_Auxiliary_Test_Data/2535","https://t.me/Covid19india_Auxiliary_Test_Data/2536","22/09/2020","8.64%","","","49726","","","32723407","66279462","23/09/2020 09:00:00"
"65610","989","56920","14 August ","2525236","49144","1807549","","","","","","","","","","","","","467424","","","1156569","http://twitter.com/ICMRDELHI/status/1308967193292365825","https://t.me/Covid19india_Auxiliary_Test_Data/2555","https://t.me/Covid19india_Auxiliary_Test_Data/2557?single","23/09/2020","8.65%","","","50593","","","33190831","67436031","24/09/2020 09:00:00"
"63986","952","53116","15 August ","2589222","50096","1860665","","","","","","","","","","","","","455629","","","1492409","http://twitter.com/ICMRDELHI/status/1309329991100817409","https://t.me/Covid19india_Auxiliary_Test_Data/2597","https://t.me/Covid19india_Auxiliary_Test_Data/2595","24/09/2020","8.62%","","","51713","","","33646460","68928440","25/09/2020 09:00:00"
"58096","952","57404","16 August ","2647318","51048","1918069","","","","","","","","","","","","","449466","","","1341535","http://twitter.com/ICMRDELHI/status/1309693135790854144","https://t.me/Covid19india_Auxiliary_Test_Data/2615","https://t.me/Covid19india_Auxiliary_Test_Data/2613","25/09/2020","8.56%","","","52720","","","34095926","70269975","26/09/2020 09:00:00"
"54298","880","58172","17 August ","2701616","51928","1976241","","","","","","","","","","","","","445709","","","987861","https://www.icmr.gov.in/pdf/covid/update/ICMR_testing_update_27Sept2020.pdf","https://t.me/Covid19india_Auxiliary_Test_Data/2642","https://t.me/Covid19india_Auxiliary_Test_Data/2639","26/09/2020","8.53%","","","53461","","","34541635","71257836","27/09/2020 09:00:00"
"65024","1099","60455","18 August ","2766640","53027","2036696","","","","","","","","","","","","","280943","","","709394","https://www.icmr.gov.in/pdf/covid/update/ICMR_testing_update_28Sept2020.pdf","https://t.me/Covid19india_Auxiliary_Test_Data/2661","https://t.me/Covid19india_Auxiliary_Test_Data/2662","27/09/2020","8.52%","","","53993","","","34822578","71967230","28/09/2020 09:00:00"
"69196","979","59365","19 August ","2835836","54006","2096061","","","","","","","","","","","","","588645","","","1142811","https://www.icmr.gov.in/pdf/covid/update/ICMR_testing_update_29Sept2020.pdf","https://t.me/Covid19india_Auxiliary_Test_Data/2685","https://t.me/Covid19india_Auxiliary_Test_Data/2682","28/09/2020","8.54%","","","54850","","","35411223","73110041","29/09/2020 09:00:00"
"68518","981","61873","20 August ","2904354","54987","2157934","","","","","","","","","","","","","591125","","","1086688","https://www.icmr.gov.in/pdf/covid/update/ICMR_testing_update_30Sept2020.pdf","https://t.me/Covid19india_Auxiliary_Test_Data/2709","https://t.me/Covid19india_Auxiliary_Test_Data/2707","29/09/2020","8.51%","","","55666","","","36002348","74196729","30/09/2020 09:00:00"
"69029","953","62858","21 August ","2973383","55940","2220792","","","","","","","","","","","","","581367","","","1423052","https://www.icmr.gov.in/pdf/covid/update/ICMR_testing_update_01Oct2020.pdf","https://t.me/Covid19india_Auxiliary_Test_Data/2729","https://t.me/Covid19india_Auxiliary_Test_Data/2727","30/09/2020","8.50%","","","56733","","","36583715","75619781","01/10/2020 09:00:00"
"70067","918","59101","22 August ","3043450","56858","2279893","","","","","","","","","","","","","501362","","","1097947","https://www.icmr.gov.in/pdf/covid/update/ICMR_testing_update_02Oct2020.pdf","https://t.me/Covid19india_Auxiliary_Test_Data/2742","https://t.me/Covid19india_Auxiliary_Test_Data/2743","01/10/2020","8.45%","","","57557","","","37085077","76717728","02/10/2020 09:00:00"
"61749","846","56896","23 August ","3105199","57704","2336789","","","","","","","","","","","","","","","","","","","","","","","","","","","","",""
"59696","854","66305","24 August ","3164895","58558","2403094","","","","","","","","","","","","","","","","","","","","","","","","","","","","",""
"66873","1066","64151","25 August ","3231768","59624","2467245","","","","","","","","","","","","","","","","","","","","","","","","","","","","",""
"75995","1017","56191","26 August ","3307763","60641","2523436","","","","","","","","","","","","","","","","","","","","","","","","","","","","",""
"76827","1066","59620","27 August ","3384590","61707","2583056","","","","","","","","","","","","","","","","","","","","","","","","","","","","",""
"76657","1019","64475","28 August ","3461247","62726","2647531","","","","","","","","","","","","","","","","","","","","","","","","","","","","",""
"78479","943","64982","29 August ","3539726","63669","2712513","","","","","","","","","","","","","","","","","","","","","","","","","","","","",""
"79461","960","60422","30 August ","3619187","64629","2772935","","","","","","","","","","","","","","","","","","","","","","","","","","","","",""
"68766","816","64435","31 August ","3687953","65445","2837370","","","","","","","","","","","","","","","","","","","","","","","","","","","","",""
"78168","892","62145","01 September ","3766121","66337","2899515","","","","","","","","","","","","","","","","","","","","","","","","","","","","",""
"82860","913","67874","02 September ","3848981","67250","2967389","","","","","","","","","","","","","","","","","","","","","","","","","","","","",""
"84156","979","67491","03 September ","3933137","68229","3034880","","","","","","","","","","","","","","","","","","","","","","","","","","","","",""
"87115","950","69625","04 September ","4020252","69179","3104505","","","","","","","","","","","","","","","","","","","","","","","","","","","","",""
"90600","916","73161","05 September ","4110852","70095","3177666","","","","","","","","","","","","","","","","","","","","","","","","","","","","",""
"91725","1005","69630","06 September ","4202577","71100","3247296","","","","","","","","","","","","","","","","","","","","","","","","","","","","",""
"75015","1129","74116","07 September ","4277592","72229","3321412","","","","","","","","","","","","","","","","","","","","","","","","","","","","",""
"89855","1107","74608","08 September ","4367447","73336","3396020","","","","","","","","","","","","","","","","","","","","","","","","","","","","",""
"95536","1168","73062","09 September ","4462983","74504","3469082","","","","","","","","","","","","","","","","","","","","","","","","","","","","",""
"96762","1213","70904","10 September ","4559745","75717","3539986","","","","","","","","","","","","","","","","","","","","","","","","","","","","",""
"97655","1202","81456","11 September ","4657400","76919","3621442","","","","","","","","","","","","","","","","","","","","","","","","","","","","",""
"94414","1111","77862","12 September ","4751814","78030","3699304","","","","","","","","","","","","","","","","","","","","","","","","","","","","",""
"93220","1140","77748","13 September ","4845034","79170","3777052","","","","","","","","","","","","","","","","","","","","","","","","","","","","",""
"81913","1054","79213","14 September ","4926947","80224","3856265","","","","","","","","","","","","","","","","","","","","","","","","","","","","",""
"91098","1281","82849","15 September ","5018045","81505","3939114","","","","","","","","","","","","","","","","","","","","","","","","","","","","",""
"97860","1140","82924","16 September ","5115905","82645","4022038","","","","","","","","","","","","","","","","","","","","","","","","","","","","",""
"96787","1175","87788","17 September ","5212692","83820","4109826","","","","","","","","","","","","","","","","","","","","","","","","","","","","",""
"92973","1221","95515","18 September ","5305665","85041","4205341","","","","","","","","","","","","","","","","","","","","","","","","","","","","",""
"92574","1149","94389","19 September ","5398239","86190","4299730","","","","","","","","","","","","","","","","","","","","","","","","","","","","",""
"87395","1135","92926","20 September ","5485634","87325","4392656","","","","","","","","","","","","","","","","","","","","","","","","","","","","",""
"74493","1056","102070","21 September ","5560127","88381","4494726","","","","","","","","","","","","","","","","","","","","","","","","","","","","",""
"83362","1085","89657","22 September ","5643489","89466","4584383","","","","","","","","","","","","","","","","","","","","","","","","","","","","",""
"86703","1123","87459","23 September ","5730192","90589","4671842","","","","","","","","","","","","","","","","","","","","","","","","","","","","",""
"85921","1144","81142","24 September ","5816113","91733","4752984","","","","","","","","","","","","","","","","","","","","","","","","","","","","",""
"85717","1093","93331","25 September ","5901830","92826","4846315","","","","","","","","","","","","","","","","","","","","","","","","","","","","",""
"88759","1124","92365","26 September ","5990589","93950","4938680","","","","","","","","","","","","","","","","","","","","","","","","","","","","",""
"82770","1040","74691","27 September ","6073359","94990","5013371","","","","","","","","","","","","","","","","","","","","","","","","","","","","",""
"69668","775","85194","28 September ","6143027","95765","5098565","","","","","","","","","","","","","","","","","","","","","","","","","","","","",""
"80500","1178","86150","29 September ","6223527","96943","5184715","","","","","","","","","","","","","","","","","","","","","","","","","","","","",""
"86748","1179","85274","30 September ","6310275","98122","5269989","","","","","","","","","","","","","","","","","","","","","","","","","","","","",""
"81693","1096","78646","01 October ","6391968","99218","5348635","","","","","","","","","","","","","","","","","","","","","","","","","","","","",""
